"FIRST_NAME","REGION_NAME","CITY","COUNTRY_NAME"
"Ellen","Europe","Oxford","United Kingdom of Great Britain and Northern Ireland"
"Sundar","Europe","Oxford","United Kingdom of Great Britain and Northern Ireland"
"Mozhe","Americas","South San Francisco","United States of America"
"Shelli","Americas","Seattle","United States of America"
"Amit","Europe","Oxford","United Kingdom of Great Britain and Northern Ireland"
"Elizabeth","Europe","Oxford","United Kingdom of Great Britain and Northern Ireland"
"Sarah","Americas","South San Francisco","United States of America"
"David","Europe","Oxford","United Kingdom of Great Britain and Northern Ireland"
"Laura","Americas","South San Francisco","United States of America"
"Harrison","Europe","Oxford","United Kingdom of Great Britain and Northern Ireland"
"Hermann","Europe","Munich","Germany"
"Alexis","Americas","South San Francisco","United States of America"
"Anthony","Americas","South San Francisco","United States of America"
"Gerald","Europe","Oxford","United Kingdom of Great Britain and Northern Ireland"
"Nanette","Europe","Oxford","United Kingdom of Great Britain and Northern Ireland"
"John","Americas","Seattle","United States of America"
"Kelly","Americas","South San Francisco","United States of America"
"Karen","Americas","Seattle","United States of America"
"Curtis","Americas","South San Francisco","United States of America"
"Pat","Americas","Toronto","Canada"
"Julia","Americas","South San Francisco","United States of America"
"Jennifer","Americas","South San Francisco","United States of America"
"Louise","Europe","Oxford","United Kingdom of Great Britain and Northern Ireland"
"Alberto","Europe","Oxford","United Kingdom of Great Britain and Northern Ireland"
"Britney","Americas","South San Francisco","United States of America"
"Daniel","Americas","Seattle","United States of America"
"Kevin","Americas","South San Francisco","United States of America"
"Jean","Americas","South San Francisco","United States of America"
"Tayler","Europe","Oxford","United Kingdom of Great Britain and Northern Ireland"
"Adam","Americas","South San Francisco","United States of America"
"Lex","Americas","Seattle","United States of America"
"Ki","Americas","South San Francisco","United States of America"
"Girard","Americas","South San Francisco","United States of America"
"William","Americas","Seattle","United States of America"
"Douglas","Americas","South San Francisco","United States of America"
"Danielle","Europe","Oxford","United Kingdom of Great Britain and Northern Ireland"
"Nancy","Americas","Seattle","United States of America"
"Peter","Europe","Oxford","United Kingdom of Great Britain and Northern Ireland"
"Shelley","Americas","Seattle","United States of America"
"Guy","Americas","Seattle","United States of America"
"Alyssa","Europe","Oxford","United Kingdom of Great Britain and Northern Ireland"
"Valli","Americas","Southlake","United States of America"
"Susan","Europe","London","United Kingdom of Great Britain and Northern Ireland"
"Alexander","Americas","Southlake","United States of America"
"Charles","Europe","Oxford","United Kingdom of Great Britain and Northern Ireland"
"Vance","Americas","South San Francisco","United States of America"
"Payam","Americas","South San Francisco","United States of America"
"Alexander","Americas","Seattle","United States of America"
"Janette","Europe","Oxford","United Kingdom of Great Britain and Northern Ireland"
"Steven","Americas","Seattle","United States of America"
"Sundita","Europe","Oxford","United Kingdom of Great Britain and Northern Ireland"
"Renske","Americas","South San Francisco","United States of America"
"James","Americas","South San Francisco","United States of America"
"David","Europe","Oxford","United Kingdom of Great Britain and Northern Ireland"
"Den","Americas","Seattle","United States of America"
"Jack","Europe","Oxford","United Kingdom of Great Britain and Northern Ireland"
"Jason","Americas","South San Francisco","United States of America"
"Steven","Americas","South San Francisco","United States of America"
"James","Americas","South San Francisco","United States of America"
"Michael","Americas","Toronto","Canada"
"Mattea","Europe","Oxford","United Kingdom of Great Britain and Northern Ireland"
"Randall","Americas","South San Francisco","United States of America"
"Allan","Europe","Oxford","United Kingdom of Great Britain and Northern Ireland"
"Samuel","Americas","South San Francisco","United States of America"
"Irene","Americas","South San Francisco","United States of America"
"Bruce","Americas","Southlake","United States of America"
"Kevin","Americas","South San Francisco","United States of America"
"Julia","Americas","South San Francisco","United States of America"
"Diana","Americas","Southlake","United States of America"
"Donald","Americas","South San Francisco","United States of America"
"Christopher","Europe","Oxford","United Kingdom of Great Britain and Northern Ireland"
"TJ","Americas","South San Francisco","United States of America"
"Lisa","Europe","Oxford","United Kingdom of Great Britain and Northern Ireland"
"Karen","Europe","Oxford","United Kingdom of Great Britain and Northern Ireland"
"Joshua","Americas","South San Francisco","United States of America"
"Randall","Americas","South San Francisco","United States of America"
"Hazel","Americas","South San Francisco","United States of America"
"Luis","Americas","Seattle","United States of America"
"Trenna","Americas","South San Francisco","United States of America"
"Michael","Americas","South San Francisco","United States of America"
"Nandita","Americas","South San Francisco","United States of America"
"Ismael","Americas","Seattle","United States of America"
"John","Americas","South San Francisco","United States of America"
"Sarath","Europe","Oxford","United Kingdom of Great Britain and Northern Ireland"
"John","Europe","Oxford","United Kingdom of Great Britain and Northern Ireland"
"Lindsey","Europe","Oxford","United Kingdom of Great Britain and Northern Ireland"
"William","Europe","Oxford","United Kingdom of Great Britain and Northern Ireland"
"Stephen","Americas","South San Francisco","United States of America"
"Martha","Americas","South San Francisco","United States of America"
"Patrick","Europe","Oxford","United Kingdom of Great Britain and Northern Ireland"
"Jonathon","Europe","Oxford","United Kingdom of Great Britain and Northern Ireland"
"Winston","Americas","South San Francisco","United States of America"
"Sigal","Americas","Seattle","United States of America"
"Sean","Europe","Oxford","United Kingdom of Great Britain and Northern Ireland"
"Oliver","Europe","Oxford","United Kingdom of Great Britain and Northern Ireland"
"Jose Manuel","Americas","Seattle","United States of America"
"Peter","Americas","South San Francisco","United States of America"
"Timothy","Americas","South San Francisco","United States of America"
"Clara","Europe","Oxford","United Kingdom of Great Britain and Northern Ireland"
"Shanta","Americas","South San Francisco","United States of America"
"Alana","Americas","South San Francisco","United States of America"
"Matthew","Americas","South San Francisco","United States of America"
"Jennifer","Americas","Seattle","United States of America"
"David","Americas","Southlake","United States of America"
"Neena","Americas","Seattle","United States of America"
"Eleni","Europe","Oxford","United Kingdom of Great Britain and Northern Ireland"
